Suite/Test/Step Name,Browser,Description,Start time,End time,Duration,Status
Login,Chrome 72.0.3626.121,,2019-03-12 13:06:55,2019-03-12 13:13:25,6m - 29.960s,PASSED
,,,,,,
Test Cases/Common Test Cases/Login_valid,Chrome 72.0.3626.121,"Common test case used to login. 
Steps:
- Click on 'Book Appointment' button to login
- Input username and password
- Click on 'Login' button

Expected result:
'Appointment' section is displayed after successful login",2019-03-12 13:06:55,2019-03-12 13:10:10,3m - 14.811s,PASSED
"comment(""Customer Login with valid account"")",Chrome 72.0.3626.121,,2019-03-12 13:06:56,2019-03-12 13:06:56,0.144s,PASSED
"openBrowser("""")",Chrome 72.0.3626.121,,2019-03-12 13:06:56,2019-03-12 13:08:25,1m - 28.958s,PASSED
"navigateToUrl(""https://testing.adeptforms.com/module/cdg/customer/session/login"")",Chrome 72.0.3626.121,,2019-03-12 13:08:25,2019-03-12 13:08:59,34.186s,PASSED
"callTestCase(findTestCase(""Main Test Cases/Verify Login""), [:], STOP_ON_FAILURE)",Chrome 72.0.3626.121,,2019-03-12 13:08:59,2019-03-12 13:10:00,1m - 1.003s,PASSED
"setText(findTestObject(""Page_CDG/Input_Email""), Input_Email)",Chrome 72.0.3626.121,,2019-03-12 13:10:00,2019-03-12 13:10:01,1.172s,PASSED
"setText(findTestObject(""Page_CDG/input_Password""), input_Password)",Chrome 72.0.3626.121,,2019-03-12 13:10:01,2019-03-12 13:10:01,0.145s,PASSED
"click(findTestObject(""Page_CDG/button_Login""))",Chrome 72.0.3626.121,,2019-03-12 13:10:01,2019-03-12 13:10:01,0.110s,PASSED
"callTestCase(findTestCase(""Main Test Cases/TC1_Verify Successful Login""), [:], STOP_ON_FAILURE)",Chrome 72.0.3626.121,,2019-03-12 13:10:01,2019-03-12 13:10:08,6.217s,PASSED
closeBrowser(),Chrome 72.0.3626.121,,2019-03-12 13:10:08,2019-03-12 13:10:10,2.375s,PASSED
,,,,,,
Test Cases/Common Test Cases/Login_valid,Chrome 72.0.3626.121,"Common test case used to login. 
Steps:
- Click on 'Book Appointment' button to login
- Input username and password
- Click on 'Login' button

Expected result:
'Appointment' section is displayed after successful login",2019-03-12 13:10:10,2019-03-12 13:10:50,39.577s,PASSED
"comment(""Customer Login with valid account"")",Chrome 72.0.3626.121,,2019-03-12 13:10:10,2019-03-12 13:10:10,0.000s,PASSED
"openBrowser("""")",Chrome 72.0.3626.121,,2019-03-12 13:10:10,2019-03-12 13:10:19,9.073s,PASSED
"navigateToUrl(""https://testing.adeptforms.com/module/cdg/customer/session/login"")",Chrome 72.0.3626.121,,2019-03-12 13:10:19,2019-03-12 13:10:22,2.418s,PASSED
"callTestCase(findTestCase(""Main Test Cases/Verify Login""), [:], STOP_ON_FAILURE)",Chrome 72.0.3626.121,,2019-03-12 13:10:22,2019-03-12 13:10:45,23.236s,PASSED
"setText(findTestObject(""Page_CDG/Input_Email""), Input_Email)",Chrome 72.0.3626.121,,2019-03-12 13:10:45,2019-03-12 13:10:45,0.259s,PASSED
"setText(findTestObject(""Page_CDG/input_Password""), input_Password)",Chrome 72.0.3626.121,,2019-03-12 13:10:45,2019-03-12 13:10:45,0.141s,PASSED
"click(findTestObject(""Page_CDG/button_Login""))",Chrome 72.0.3626.121,,2019-03-12 13:10:45,2019-03-12 13:10:45,0.094s,PASSED
"callTestCase(findTestCase(""Main Test Cases/TC1_Verify Successful Login""), [:], STOP_ON_FAILURE)",Chrome 72.0.3626.121,,2019-03-12 13:10:45,2019-03-12 13:10:49,3.326s,PASSED
closeBrowser(),Chrome 72.0.3626.121,,2019-03-12 13:10:49,2019-03-12 13:10:50,1.022s,PASSED
,,,,,,
Test Cases/Common Test Cases/Login_valid,Chrome 72.0.3626.121,"Common test case used to login. 
Steps:
- Click on 'Book Appointment' button to login
- Input username and password
- Click on 'Login' button

Expected result:
'Appointment' section is displayed after successful login",2019-03-12 13:10:50,2019-03-12 13:11:33,43.758s,PASSED
"comment(""Customer Login with valid account"")",Chrome 72.0.3626.121,,2019-03-12 13:10:50,2019-03-12 13:10:50,0.004s,PASSED
"openBrowser("""")",Chrome 72.0.3626.121,,2019-03-12 13:10:50,2019-03-12 13:10:54,4.269s,PASSED
"navigateToUrl(""https://testing.adeptforms.com/module/cdg/customer/session/login"")",Chrome 72.0.3626.121,,2019-03-12 13:10:54,2019-03-12 13:10:57,2.631s,PASSED
"callTestCase(findTestCase(""Main Test Cases/Verify Login""), [:], STOP_ON_FAILURE)",Chrome 72.0.3626.121,,2019-03-12 13:10:57,2019-03-12 13:11:28,31.675s,PASSED
"setText(findTestObject(""Page_CDG/Input_Email""), Input_Email)",Chrome 72.0.3626.121,,2019-03-12 13:11:28,2019-03-12 13:11:29,0.292s,PASSED
"setText(findTestObject(""Page_CDG/input_Password""), input_Password)",Chrome 72.0.3626.121,,2019-03-12 13:11:29,2019-03-12 13:11:29,0.140s,PASSED
"click(findTestObject(""Page_CDG/button_Login""))",Chrome 72.0.3626.121,,2019-03-12 13:11:29,2019-03-12 13:11:29,0.085s,PASSED
"callTestCase(findTestCase(""Main Test Cases/TC1_Verify Successful Login""), [:], STOP_ON_FAILURE)",Chrome 72.0.3626.121,,2019-03-12 13:11:29,2019-03-12 13:11:33,3.952s,PASSED
closeBrowser(),Chrome 72.0.3626.121,,2019-03-12 13:11:33,2019-03-12 13:11:33,0.705s,PASSED
,,,,,,
Test Cases/Common Test Cases/Login_NonValid,Chrome 72.0.3626.121,,2019-03-12 13:11:33,2019-03-12 13:12:32,58.274s,PASSED
"comment(""Customer Login with non valid account"")",Chrome 72.0.3626.121,,2019-03-12 13:11:34,2019-03-12 13:11:34,0.001s,PASSED
"openBrowser("""")",Chrome 72.0.3626.121,,2019-03-12 13:11:34,2019-03-12 13:11:38,4.052s,PASSED
"navigateToUrl(""https://testing.adeptforms.com/module/cdg/customer/session/login"")",Chrome 72.0.3626.121,,2019-03-12 13:11:38,2019-03-12 13:11:41,3.372s,PASSED
"callTestCase(findTestCase(""Main Test Cases/Verify Login""), [:], STOP_ON_FAILURE)",Chrome 72.0.3626.121,,2019-03-12 13:11:41,2019-03-12 13:12:12,30.314s,PASSED
"setText(findTestObject(""Page_CDG/Input_Email""), Input_Email)",Chrome 72.0.3626.121,,2019-03-12 13:12:12,2019-03-12 13:12:12,0.216s,PASSED
"setText(findTestObject(""Page_CDG/input_Password""), input_Password)",Chrome 72.0.3626.121,,2019-03-12 13:12:12,2019-03-12 13:12:12,0.136s,PASSED
"click(findTestObject(""Page_CDG/button_Login""))",Chrome 72.0.3626.121,,2019-03-12 13:12:12,2019-03-12 13:12:12,0.090s,PASSED
"callTestCase(findTestCase(""Main Test Cases/Verify_Failed_Login""), [:], STOP_ON_FAILURE)",Chrome 72.0.3626.121,,2019-03-12 13:12:12,2019-03-12 13:12:31,19.082s,PASSED
closeBrowser(),Chrome 72.0.3626.121,,2019-03-12 13:12:31,2019-03-12 13:12:32,0.675s,PASSED
,,,,,,
Test Cases/Common Test Cases/Login_NonValid,Chrome 72.0.3626.121,,2019-03-12 13:12:32,2019-03-12 13:13:24,52.761s,PASSED
"comment(""Customer Login with non valid account"")",Chrome 72.0.3626.121,,2019-03-12 13:12:32,2019-03-12 13:12:32,0.004s,PASSED
"openBrowser("""")",Chrome 72.0.3626.121,,2019-03-12 13:12:32,2019-03-12 13:12:35,3.505s,PASSED
"navigateToUrl(""https://testing.adeptforms.com/module/cdg/customer/session/login"")",Chrome 72.0.3626.121,,2019-03-12 13:12:35,2019-03-12 13:12:38,2.756s,PASSED
"callTestCase(findTestCase(""Main Test Cases/Verify Login""), [:], STOP_ON_FAILURE)",Chrome 72.0.3626.121,,2019-03-12 13:12:38,2019-03-12 13:13:05,26.601s,PASSED
"setText(findTestObject(""Page_CDG/Input_Email""), Input_Email)",Chrome 72.0.3626.121,,2019-03-12 13:13:05,2019-03-12 13:13:05,0.242s,PASSED
"setText(findTestObject(""Page_CDG/input_Password""), input_Password)",Chrome 72.0.3626.121,,2019-03-12 13:13:05,2019-03-12 13:13:05,0.167s,PASSED
"click(findTestObject(""Page_CDG/button_Login""))",Chrome 72.0.3626.121,,2019-03-12 13:13:05,2019-03-12 13:13:05,0.079s,PASSED
"callTestCase(findTestCase(""Main Test Cases/Verify_Failed_Login""), [:], STOP_ON_FAILURE)",Chrome 72.0.3626.121,,2019-03-12 13:13:05,2019-03-12 13:13:24,18.706s,PASSED
closeBrowser(),Chrome 72.0.3626.121,,2019-03-12 13:13:24,2019-03-12 13:13:24,0.694s,PASSED
